h3_index,H3_int_index
851e9e2ffffffff,599517386583834623
851e9a83fffffff,599517134254505983
851e9a97fffffff,599517139623215103
851e984bfffffff,599516981783166975
851e9a87fffffff,599517135328247807
851e9a93fffffff,599517138549473279
851e985bfffffff,599516986078134271
85384d93fffffff,599969243986919423
853f365bfffffff,600090793708879871
85386b6ffffffff,599971295907545087
85386b67fffffff,599971293760061439
85384d9bfffffff,599969246134403071
85384dbbfffffff,599969254724337663
85384dd7fffffff,599969262240530431
85384d8ffffffff,599969242913177599
853f3643fffffff,600090787266428927
85384d83fffffff,599969239691952127
853f364bfffffff,600090789413912575
85384d13fffffff,599969209627181055
853f364ffffffff,600090790487654399
85384d87fffffff,599969240765693951
85384d17fffffff,599969210700922879
85384d8bfffffff,599969241839435775
853f3653fffffff,600090791561396223
851e94cffffffff,599516742338740223
851e96a3fffffff,599516867966533631
8539490ffffffff,599986525861576703
851e9407fffffff,599516688651649023
851e901bfffffff,599516419142451199
851e948bfffffff,599516724085129215
851e905bfffffff,599516436322320383
851e9447fffffff,599516705831518207
851e961bfffffff,599516831459311615
851e9403fffffff,599516687577907199
851e94cbfffffff,599516741264998399
851e92b3fffffff,599516597383593983
851e909bfffffff,599516453502189567
851e9487fffffff,599516723011387391
8538658ffffffff,599970892180619263
851e965bfffffff,599516848639180799
851e9057fffffff,599516435248578559
851e9443fffffff,599516704757776383
851e9617fffffff,599516830385569791
85386507fffffff,599970855673397247
851e944bfffffff,599516706905260031
851e90dbfffffff,599516470682058751
851e94c7fffffff,599516740191256575
851e969bfffffff,599516865819049983
85394907fffffff,599986523714093055
851e9483fffffff,599516721937645567
851e9657fffffff,599516847565438975
851e9053fffffff,599516434174836735
851e9663fffffff,599516850786664447
851e9613fffffff,599516829311827967
851eb24ffffffff,599518769563303935
851e90d7fffffff,599516469608316927
851e94c3fffffff,599516739117514751
85386597fffffff,599970894328102911
851e92abfffffff,599516595236110335
851e9697fffffff,599516864745308159
85394903fffffff,599986522640351231
851e948ffffffff,599516725158871039
851e9093fffffff,599516451354705919
85386587fffffff,599970890033135615
851e9653fffffff,599516846491697151
851e904ffffffff,599516433101094911
851e943bfffffff,599516702610292735
851e960ffffffff,599516828238086143
851e96d7fffffff,599516881925177343
851e96a7fffffff,599516869040275455
851e92bbfffffff,599516599531077631
851e90d3fffffff,599516468534575103
851e9693fffffff,599516863671566335
851e947bfffffff,599516719790161919
85386583fffffff,599970888959393791
851e964ffffffff,599516845417955327
851e904bfffffff,599516432027353087
851e9437fffffff,599516701536550911
851e94d3fffffff,599516743412482047
851e960bfffffff,599516827164344319
851e96d3fffffff,599516880851435519
851e90cffffffff,599516467460833279
851e94bbfffffff,599516736970031103
851e968ffffffff,599516862597824511
851e908bfffffff,599516449207222271
851e9477fffffff,599516718716420095
851e964bfffffff,599516844344213503
851e9433fffffff,599516700462809087
851e921bfffffff,599516556581404671
851e9607fffffff,599516826090602495
851e96cffffffff,599516879777693695
851e940bfffffff,599516689725390847
8539493bfffffff,599986537672736767
851e90cbfffffff,599516466387091455
851e968bfffffff,599516861524082687
851e9473fffffff,599516717642678271
851e9647fffffff,599516843270471679
851e9043fffffff,599516429879869439
851e942ffffffff,599516699389067263
851e9623fffffff,599516833606795263
85386537fffffff,599970868558299135
851e9217fffffff,599516555507662847
851e9603fffffff,599516825016860671
851e96cbfffffff,599516878703951871
851eb34bfffffff,599518837209038847
85394937fffffff,599986536598994943
851e90c7fffffff,599516465313349631
851e94b3fffffff,599516734822547455
851e944ffffffff,599516707979001855
853865bbfffffff,599970903991779327
851e929bfffffff,599516590941143039
851e9687fffffff,599516860450340863
851e9083fffffff,599516447059738623
851e946ffffffff,599516716568936447
851e9643fffffff,599516842196729855
853949bbfffffff,599986572032475135
851e9667fffffff,599516851860406271
851e942bfffffff,599516698315325439
85386533fffffff,599970867484557311
851e9213fffffff,599516554433921023
85394977fffffff,599986553778864127
851e92dbfffffff,599516608121012223
851e96c7fffffff,599516877630210047
85394933fffffff,599986535525253119
851e90c3fffffff,599516464239607807
851e94affffffff,599516733748805631
853865b7fffffff,599970902918037503
85394917fffffff,599986528009060351
851e9297fffffff,599516589867401215
851e9683fffffff,599516859376599039
851e946bfffffff,599516715495194623
853949b7fffffff,599986570958733311
851eb27bfffffff,599518781374463999
851e96abfffffff,599516870114017279
851e92d7fffffff,599516607047270399
851e96c3fffffff,599516876556468223
8539492ffffffff,599986534451511295
851e94abfffffff,599516732675063807
853865b3fffffff,599970901844295679
851e9293fffffff,599516588793659391
851e9467fffffff,599516714421452799
851e963bfffffff,599516840049246207
851e94d7fffffff,599516744486223871
853949b3fffffff,599986569884991487
851e9423fffffff,599516696167841791
8539496ffffffff,599986551631380479
851e92d3fffffff,599516605973528575
8539492bfffffff,599986533377769471
853865affffffff,599970900770553855
851e928ffffffff,599516587719917567
851e967bfffffff,599516857229115391
85386517fffffff,599970859968364543
851e9463fffffff,599516713347710975
851e9637fffffff,599516838975504383
853949affffffff,599986568811249663
851e940ffffffff,599516690799132671
85386527fffffff,599970864263331839
851e92cffffffff,599516604899786751
851e96bbfffffff,599516874408984575
85394927fffffff,599986532304027647
851e94a3fffffff,599516730527580159
853865abfffffff,599970899696812031
851e928bfffffff,599516586646175743
851e9627fffffff,599516834680537087
851e9677fffffff,599516856155373567
851e9633fffffff,599516837901762559
853949abfffffff,599986567737507839
851e941bfffffff,599516694020358143
85386523fffffff,599970863189590015
851e9203fffffff,599516550138953727
85394967fffffff,599986549483896831
851eb26ffffffff,599518778153238527
851e9453fffffff,599516709052743679
851e92cbfffffff,599516603826044927
851e96b7fffffff,599516873335242751
85394923fffffff,599986531230285823
853865a7fffffff,599970898623070207
851e9287fffffff,599516585572433919
851e9673fffffff,599516855081631743
851e945bfffffff,599516711200227327
851e966bfffffff,599516852934148095
851e962ffffffff,599516836828020735
853949a7fffffff,599986566663766015
851e9417fffffff,599516692946616319
851eb26bfffffff,599518777079496703
851e92c7fffffff,599516602752303103
851e96b3fffffff,599516872261500927
851e949bfffffff,599516728380096511
853865a3fffffff,599970897549328383
851e9283fffffff,599516584498692095
851e966ffffffff,599516854007889919
851e9457fffffff,599516710126485503
851e962bfffffff,599516835754278911
853949a3fffffff,599986565590024191
851e9413fffffff,599516691872874495
851e94dbfffffff,599516745559965695
851e92c3fffffff,599516601678561279
851e96affffffff,599516871187759103
851e8633fffffff,599515738390134783
851f982bfffffff,599534565379276799
853f2583fffffff,600089636215193599
851e846ffffffff,599515617057308671
853f3447fffffff,600090650901217279
851e82abfffffff,599515495724482559
851ea033fffffff,599517525096529919
851f8bcffffffff,599533716049494015
851e9923fffffff,599517039765225471
851e889bfffffff,599515903746375679
851f9a93fffffff,599534730735517695
851f8a0bfffffff,599533594716667903
851e86d7fffffff,599515782413549567
851f98cffffffff,599534609402691583
851ea623fffffff,599517933118423039
851e8513fffffff,599515661080723455
853f2463fffffff,600089558905782271
851e834ffffffff,599515539747897343
851ea29bfffffff,599517690452770815
851e818bfffffff,599515418415071231
853f20dbfffffff,600089316240130047
851ea0d7fffffff,599517569119944703
851e8e8bfffffff,599516311768268799
851e8cc7fffffff,599516190435442687
851e9b8bfffffff,599517205121466367
851e8b03fffffff,599516069102616575
851f9b37fffffff,599534774758932479
851f8aaffffffff,599533638740082687
851f9973fffffff,599534653426106367
853f26cbfffffff,600089724262023167
851ea6c7fffffff,599517977141837823
853f358ffffffff,600090738948046847
851eb58bfffffff,599518991827861503
851ea503fffffff,599517855809011711
851e822ffffffff,599515462438486015
851e806bfffffff,599515341105659903
851e8ba7fffffff,599516113126031359
851e9a6bfffffff,599517127812055039
851f9bdbfffffff,599534818782347263
851f8b53fffffff,599533682763497471
851f9a17fffffff,599534697449521151
851f9853fffffff,599534576116695039
851ea5a7fffffff,599517899832426495
851e8497fffffff,599515627794726911
851e810ffffffff,599515385129074687
851ea05bfffffff,599517535833948159
851e8e0ffffffff,599516278482272255
851e8c4bfffffff,599516157149446143
851e9b0ffffffff,599517171835469823
851e8a87fffffff,599516035816620031
85386d23fffffff,599971412945403903
851f8b2bfffffff,599533672026079231
851e88c3fffffff,599515914483793919
851f9abbfffffff,599534741472935935
851f8a33fffffff,599533605454086143
853f264ffffffff,600089690976026623
851ea64bfffffff,599517943855841279
851e853bfffffff,599515671818141695
853f3513fffffff,600090705662050303
851eb50ffffffff,599518958541864959
853f248bfffffff,600089569643200511
851ea487fffffff,599517822523015167
851e8377fffffff,599515550485315583
851f9bb3fffffff,599534808044929023
851ea2c3fffffff,599517701190189055
851eb187fffffff,599518715876212735
851e8eb3fffffff,599516322505687039
851e9bb3fffffff,599517215858884607
851e8b2bfffffff,599516079840034815
851f9d23fffffff,599534906829176831
851f999bfffffff,599534664163524607
851ed6c3fffffff,599521274602979327
853f35b7fffffff,600090749685465087
851eb5b3fffffff,599519002565279743
851ea52bfffffff,599517866546429951
851e841bfffffff,599515594508730367
851ea367fffffff,599517745213603839
851e8093fffffff,599515351843078143
851e8bcffffffff,599516123863449599
851e9a43fffffff,599517117074636799
851e8a0bfffffff,599516002530623487
851f8b7bfffffff,599533693500915711
851e8847fffffff,599515881197797375
851e1653fffffff,599508050398674943
851e8683fffffff,599515759864971263
851f987bfffffff,599534586854113279
853f25d3fffffff,600089657690030079
851ea5cffffffff,599517910569844735
853f3497fffffff,600090672376053759
851eb493fffffff,599518925255868415
853f240ffffffff,600089536357203967
851ea40bfffffff,599517789237018623
851ea247fffffff,599517667904192511
851e8137fffffff,599515395866492927
851eb10bfffffff,599518682590216191
851ea083fffffff,599517546571366399
851e8e37fffffff,599516289219690495
851e8c73fffffff,599516167886864383
851e9b37fffffff,599517182572888063
851e8aaffffffff,599516046554038271
851e9973fffffff,599517061240061951
851f8a5bfffffff,599533616191504383
853f2677fffffff,600089701713444863
851ea673fffffff,599517954593259519
851e8563fffffff,599515682555559935
851eb537fffffff,599518969279283199
853f24b3fffffff,600089580380618751
851ea4affffffff,599517833260433407
851e81dbfffffff,599515439889907711
851eb1affffffff,599518726613630975
851e8017fffffff,599515318557081599
851e8edbfffffff,599516333243105279
851e8b53fffffff,599516090577453055
851f9d4bfffffff,599534917566595071
851e9a17fffffff,599517105263476735
851f9b87fffffff,599534796233768959
851f99c3fffffff,599534674900942847
851e8607fffffff,599515726578974719
851ea553fffffff,599517877283848191
851e8443fffffff,599515605246148607
853f341bfffffff,600090639090057215
851e80bbfffffff,599515362580496383
853f3093fffffff,600090396424404991
851ea007fffffff,599517513285369855
851e8a33fffffff,599516013268041727
851e886ffffffff,599515891935215615
851f9a67fffffff,599534718924357631
851e167bfffffff,599508061136093183
851e86abfffffff,599515770602389503
851f98a3fffffff,599534597591531519
853f2437fffffff,600089547094622207
851ea433fffffff,599517799974436863
851e8323fffffff,599515527936737279
851ea26ffffffff,599517678641610751
851eb133fffffff,599518693327634431
851ea0abfffffff,599517557308784639
851e9d23fffffff,599517314643132415
851e8ad7fffffff,599516057291456511
851f9b0bfffffff,599534762947772415
851f9947fffffff,599534641614946303
851ea69bfffffff,599517965330677759
851e858bfffffff,599515693292978175
853f3563fffffff,600090727136886783
853f24dbfffffff,600089591118036991
851ea4d7fffffff,599517843997851647
851e83c7fffffff,599515571960152063
851ea313fffffff,599517722665025535
851eb1d7fffffff,599518737351049215
851e9dc7fffffff,599517358666547199
851e8b7bfffffff,599516101314871295
851f9baffffffff,599534806971187199
851f8b27fffffff,599533670952337407
851e862ffffffff,599515737316392959
851f9827fffffff,599534564305534975
851ea57bfffffff,599517888021266431
851e846bfffffff,599515615983566847
851e82a7fffffff,599515494650740735
853f30bbfffffff,600090407161823231
851eb0b7fffffff,599518660041637887
851e8a5bfffffff,599516024005459967
851f8bcbfffffff,599533714975752191
851f9a8ffffffff,599534729661775871
851f8a07fffffff,599533593642926079
851e86d3fffffff,599515781339807743
851f98cbfffffff,599534608328949759
851e850ffffffff,599515660006981631
851ea45bfffffff,599517810711855103
851e834bfffffff,599515538674155519
851ea297fffffff,599517689379028991
851eb15bfffffff,599518704065052671
851ea0d3fffffff,599517568046202879
851e8e87fffffff,599516310694526975
851e8cc3fffffff,599516189361700863
851e9b87fffffff,599517204047724543
851f9b33fffffff,599534773685190655
851f8aabfffffff,599533637666340863
851f996ffffffff,599534652352364543
853f26c7fffffff,600089723188281343
851ea6c3fffffff,599517976068095999
853f358bfffffff,600090737874305023
851eb587fffffff,599518990754119679
851ea33bfffffff,599517733402443775
851e822bfffffff,599515461364744191
851e8067fffffff,599515340031918079
851e8ba3fffffff,599516112052289535
851e9a67fffffff,599517126738313215
851f9bd7fffffff,599534817708605439
851f8b4ffffffff,599533681689755647
851e881bfffffff,599515869386637311
851f9a13fffffff,599534696375779327
851f984ffffffff,599534575042953215
851ea5a3fffffff,599517898758684671
851e8493fffffff,599515626720985087
851ea21bfffffff,599517656093032447
851e810bfffffff,599515384055332863
851ea057fffffff,599517534760206335
851e8e0bfffffff,599516277408530431
851e8c47fffffff,599516156075704319
851e9b0bfffffff,599517170761727999
851e8a83fffffff,599516034742878207
851f9c7bfffffff,599534861732020223
851e9947fffffff,599517049428901887
851f9ab7fffffff,599534740399194111
851f8a2ffffffff,599533604380344319
85386997fffffff,599971169206009855
853f264bfffffff,600089689902284799
851ea647fffffff,599517942782099455
853f350ffffffff,600090704588308479
851eb50bfffffff,599518957468123135
853f2487fffffff,600089568569458687
851ea483fffffff,599517821449273343
851e8373fffffff,599515549411573759
851eb183fffffff,599518714802470911
851e8eaffffffff,599516321431945215
851e9baffffffff,599517214785142783
851e8b27fffffff,599516078766292991
851f9b5bfffffff,599534784422608895
851f9997fffffff,599534663089782783
851e85dbfffffff,599515714767814655
853f35b3fffffff,600090748611723263
851eb5affffffff,599519001491537919
851ea527fffffff,599517865472688127
851e8417fffffff,599515593434988543
851ea363fffffff,599517744139862015
851e808ffffffff,599515350769336319
851e8bcbfffffff,599516122789707775
851e8a07fffffff,599516001456881663
851f8b77fffffff,599533692427173887
851e8843fffffff,599515880124055551
851f9a3bfffffff,599534707113197567
851e164ffffffff,599508049324933119
851f9877fffffff,599534585780371455
851ea5cbfffffff,599517909496102911
851e84bbfffffff,599515637458403327
853f3493fffffff,600090671302311935
851eb48ffffffff,599518924182126591
853f240bfffffff,600089535283462143
851ea407fffffff,599517788163276799
851ea243fffffff,599517666830450687
851e8133fffffff,599515394792751103
851eb107fffffff,599518681516474367
851e8e33fffffff,599516288145948671
851e8c6ffffffff,599516166813122559
851f9e67fffffff,599534993802264575
851e9b33fffffff,599517181499146239
851e8aabfffffff,599516045480296447
851f8a57fffffff,599533615117762559
851f991bfffffff,599534629803786239
853f2673fffffff,600089700639703039
851ea66ffffffff,599517953519517695
851ed643fffffff,599521240243240959
851eb533fffffff,599518968205541375
853f24affffffff,600089579306876927
851ea4abfffffff,599517832186691583
851e839bfffffff,599515560148991999
851e81d7fffffff,599515438816165887
851eb1abfffffff,599518725539889151
851e8013fffffff,599515317483339775
851e8ed7fffffff,599516332169363455
851e9d9bfffffff,599517346855387135
851e9bd7fffffff,599517225522561023
851e8b4ffffffff,599516089503711231
851f9d47fffffff,599534916492853247
851e8043fffffff,599515330368241663
851e9a13fffffff,599517104189734911
851f9b83fffffff,599534795160027135
851e8603fffffff,599515725505232895
853f35dbfffffff,600090759349141503
851ea54ffffffff,599517876210106367
853f3417fffffff,600090638016315391
851ea38bfffffff,599517754877280255
851e80b7fffffff,599515361506754559
853f308ffffffff,600090395350663167
851ea003fffffff,599517512211628031
851e8a2ffffffff,599516012194299903
851e886bfffffff,599515890861473791
851e1677fffffff,599508060062351359
851e86a7fffffff,599515769528647679
853f34bbfffffff,600090682039730175
853f2433fffffff,600089546020880383
851ea42ffffffff,599517798900695039
851ea26bfffffff,599517677567868927
851e815bfffffff,599515405530169343
851eb12ffffffff,599518692253892607
851ea0a7fffffff,599517556235042815
851e8e5bfffffff,599516298883366911
851e9b5bfffffff,599517192236564479
851e8ad3fffffff,599516056217714687
851e9997fffffff,599517070903738367
851f9b07fffffff,599534761874030591
851f9943fffffff,599534640541204479
853f269bfffffff,600089711377121279
851ea697fffffff,599517964256935935
851e8587fffffff,599515692219236351
853f24d7fffffff,600089590044295167
851ea4d3fffffff,599517842924109823
851e83c3fffffff,599515570886410239
851eb397fffffff,599518857610133503
851ea30ffffffff,599517721591283711
851eb1dbfffffff,599518738424791039
851eb1d3fffffff,599518736277307391
851e803bfffffff,599515328220758015
851eae4bfffffff,599518493611655167
851e8b77fffffff,599516100241129471
851e9a3bfffffff,599517114927153151
851f9babfffffff,599534805897445375
851f8b23fffffff,599533669878595583
851e862bfffffff,599515736242651135
851f9823fffffff,599534563231793151
851ea577fffffff,599517886947524607
851e8467fffffff,599515614909825023
851e82a3fffffff,599515493576998911
853f30b7fffffff,600090406088081407
851ea02bfffffff,599517522949046271
851e8c1bfffffff,599516144264544255
851e8a57fffffff,599516022931718143
851f9c4ffffffff,599534849920860159
851f8bc7fffffff,599533713902010367
851f9a8bfffffff,599534728588034047
851f8a03fffffff,599533592569184255
851f98c7fffffff,599534607255207935
851ea61bfffffff,599517930970939391
851e850bfffffff,599515658933239807
853f245bfffffff,600089556758298623
851ea457fffffff,599517809638113279
851e8347fffffff,599515537600413695
851ea293fffffff,599517688305287167
851e8183fffffff,599515416267587583
851eb157fffffff,599518702991310847
853f20d3fffffff,600089314092646399
851ea0cffffffff,599517566972461055
851e8e83fffffff,599516309620785151
851f9eb7fffffff,599535015277101055
851e9b83fffffff,599517202973982719
851f9b2ffffffff,599534772611448831
851f996bfffffff,599534651278622719
853f26c3fffffff,600089722114539519
851eb583fffffff,599518989680377855
851e8227fffffff,599515460291002367
851ea317fffffff,599517723738767359
851e8063fffffff,599515338958176255
851eb037fffffff,599518625681899519
851e9a63fffffff,599517125664571391
851f9bd3fffffff,599534816634863615
851f8b4bfffffff,599533680616013823
851f9a0ffffffff,599534695302037503
851f984bfffffff,599534573969211391
851e848ffffffff,599515625647243263
853f3467fffffff,600090659491151871
851ea3dbfffffff,599517776352116735
851ea217fffffff,599517655019290623
851e8107fffffff,599515382981591039
851ea053fffffff,599517533686464511
851e8e07fffffff,599516276334788607
851e8c43fffffff,599516155001962495
851f9e3bfffffff,599534981991104511
851e9b07fffffff,599517169687986175
851f9ab3fffffff,599534739325452287
851f8a2bfffffff,599533603306602495
85386993fffffff,599971168132268031
853f2647fffffff,600089688828542975
851ea643fffffff,599517941708357631
851e8533fffffff,599515669670658047
853f350bfffffff,600090703514566655
851eb507fffffff,599518956394381311
853f2483fffffff,600089567495716863
851e836ffffffff,599515548337831935
851e83cbfffffff,599515573033893887
851ea2bbfffffff,599517699042705407
851e81abfffffff,599515427005005823
851e8eabfffffff,599516320358203391
851e9babfffffff,599517213711400959
851e8b23fffffff,599516077692551167
851f9b57fffffff,599534783348867071
851f9993fffffff,599534662016040959
851e85d7fffffff,599515713694072831
851eb5abfffffff,599519000417796095
851ea523fffffff,599517864398946303
851e8413fffffff,599515592361246719
851e808bfffffff,599515349695594495
851e8bc7fffffff,599516121715965951
851e8a03fffffff,599516000383139839
851f8b73fffffff,599533691353432063
851f9a37fffffff,599534706039455743
851e164bfffffff,599508048251191295
851f9873fffffff,599534584706629631
851ea5c7fffffff,599517908422361087
851e84b7fffffff,599515636384661503
853f348ffffffff,600090670228570111
851eb48bfffffff,599518923108384767
853f2407fffffff,600089534209720319
851ea4dbfffffff,599517845071593471
851ea403fffffff,599517787089534975
851e812ffffffff,599515393719009279
851eb103fffffff,599518680442732543
851ea07bfffffff,599517544423882751
851e8e2ffffffff,599516287072206847
851e8c6bfffffff,599516165739380735
851e9b2ffffffff,599517180425404415
851e8aa7fffffff,599516044406554623
851e996bfffffff,599517059092578303
851f8a53fffffff,599533614044020735
851f9917fffffff,599534628730044415
851eb563fffffff,599518981090443263
853869bbfffffff,599971178869686271
851ea66bfffffff,599517952445775871
851e855bfffffff,599515680408076287
851eb52ffffffff,599518967131799551
853f24abfffffff,600089578233135103
851ea4a7fffffff,599517831112949759
851e8397fffffff,599515559075250175
851e81d3fffffff,599515437742424063
851eb1a7fffffff,599518724466147327
851e800ffffffff,599515316409597951
851e8ed3fffffff,599516331095621631
851e9d97fffffff,599517345781645311
851e8b4bfffffff,599516088429969407
851f9d43fffffff,599534915419111423
851e9a0ffffffff,599517103115993087
851e858ffffffff,599515694366719999
851f99bbfffffff,599534672753459199
853f35d7fffffff,600090758275399679
851ea54bfffffff,599517875136364543
851e843bfffffff,599515603098664959
853f3413fffffff,600090636942573567
851e80b3fffffff,599515360433012735
851e8a2bfffffff,599516011120558079
851e8867fffffff,599515889787731967
851e1673fffffff,599508058988609535
851e86a3fffffff,599515768454905855
851f989bfffffff,599534595444047871
853f34b7fffffff,600090680965988351
851ea42bfffffff,599517797826953215
851e831bfffffff,599515525789253631
851ea267fffffff,599517676494127103
851e8157fffffff,599515404456427519
851eb12bfffffff,599518691180150783
851ea0a3fffffff,599517555161300991
851e8e57fffffff,599516297809625087
851e9b57fffffff,599517191162822655
851e8acffffffff,599516055143972863
851f9b03fffffff,599534760800288767
851f8a7bfffffff,599533624781438975
853f2697fffffff,600089710303379455
851ea693fffffff,599517963183194111
851e8583fffffff,599515691145494527
853f355bfffffff,600090724989403135
853f26a3fffffff,600089713524604927
853f24d3fffffff,600089588970553343
851ea4cffffffff,599517841850367999
851ea30bfffffff,599517720517541887
851eb1cffffffff,599518735203565567
851e8037fffffff,599515327147016191
851e8b73fffffff,599516099167387647
851f9d6bfffffff,599534926156529663
851e9a37fffffff,599517113853411327
851f9ba7fffffff,599534804823703551
851e8627fffffff,599515735168909311
851ea573fffffff,599517885873782783
851e8463fffffff,599515613836083199
853f343bfffffff,600090647679991807
851e80dbfffffff,599515371170430975
853f30b3fffffff,600090405014339583
851f9e0ffffffff,599534970179944447
851e9adbfffffff,599517157876826111
851e8a53fffffff,599516021857976319
851f8bc3fffffff,599533712828268543
851f994bfffffff,599534642688688127
851f9a87fffffff,599534727514292223
851f98c3fffffff,599534606181466111
853f261bfffffff,600089677017382911
851ea617fffffff,599517929897197567
851e8507fffffff,599515657859497983
853f2457fffffff,600089555684556799
851ea453fffffff,599517808564371455
851e8343fffffff,599515536526671871
851ea28ffffffff,599517687231545343
851eb153fffffff,599518701917569023
851ea0cbfffffff,599517565898719231
851f9b2bfffffff,599534771537707007
851f8aa3fffffff,599533635518857215
851f9967fffffff,599534650204880895
851ea6bbfffffff,599517973920612351
851e85abfffffff,599515701882912767
853f3583fffffff,600090735726821375
851e8223fffffff,599515459217260543
851e8b9bfffffff,599516109904805887
851f9bcffffffff,599534815561121791
851f8b47fffffff,599533679542271999
851e8813fffffff,599515867239153663
851f9a0bfffffff,599534694228295679
851f9847fffffff,599534572895469567
851ea59bfffffff,599517896611201023
851e848bfffffff,599515624573501439
853f3463fffffff,600090658417410047
851ea3d7fffffff,599517775278374911
851ea213fffffff,599517653945548799
851e8103fffffff,599515381907849215
851ea04ffffffff,599517532612722687
851e8e03fffffff,599516275261046783
851f9e37fffffff,599534980917362687
851e9b03fffffff,599517168614244351
851e8a7bfffffff,599516032595394559
851f9aaffffffff,599534738251710463
851f8a27fffffff,599533602232860671
8538698ffffffff,599971167058526207
853f2643fffffff,600089687754801151
851ea47bfffffff,599517819301789695
851e836bfffffff,599515547264090111
851ea2b7fffffff,599517697968963583
851eb17bfffffff,599518712654987263
851e8ea7fffffff,599516319284461567
851e9ba7fffffff,599517212637659135
851f9b53fffffff,599534782275125247
851f998ffffffff,599534660942299135
851e85d3fffffff,599515712620331007
851eb5a7fffffff,599518999344054271
851e840ffffffff,599515591287504895
851ea35bfffffff,599517741992378367
851f9b0ffffffff,599534764021514239
851e8087fffffff,599515348621852671
851e8bc3fffffff,599516120642224127
851f8b6ffffffff,599533690279690239
851e883bfffffff,599515877976571903
851f9a33fffffff,599534704965713919
851e1647fffffff,599508047177449471
851f986ffffffff,599534583632887807
853f25c7fffffff,600089654468804607
851ea5c3fffffff,599517907348619263
851e84b3fffffff,599515635310919679
853f348bfffffff,600090669154828287
851eb487fffffff,599518922034642943
853f2403fffffff,600089533135978495
851ea23bfffffff,599517664682967039
851e812bfffffff,599515392645267455
851ea077fffffff,599517543350140927
851e8e2bfffffff,599516285998465023
851e8c67fffffff,599516164665638911
851e9b2bfffffff,599517179351662591
851e8aa3fffffff,599516043332812799
851f9ad7fffffff,599534748989128703
851f8a4ffffffff,599533612970278911
851f9913fffffff,599534627656302591
853869b7fffffff,599971177795944447
853f266bfffffff,600089698492219391
851ea667fffffff,599517951372034047
851e8557fffffff,599515679334334463
851eb52bfffffff,599518966058057727
853f24a7fffffff,600089577159393279
851ea4a3fffffff,599517830039207935
851e8393fffffff,599515558001508351
851e81cffffffff,599515436668682239
851eb1a3fffffff,599518723392405503
851e800bfffffff,599515315335856127
851e8ecffffffff,599516330021879807
851e9d93fffffff,599517344707903487
851e9bcffffffff,599517223375077375
851e8b47fffffff,599516087356227583
851e9a0bfffffff,599517102042251263
851f99b7fffffff,599534671679717375
853f35d3fffffff,600090757201657855
851ea547fffffff,599517874062622719
851e8437fffffff,599515602024923135
853f340ffffffff,600090635868831743
851e1243fffffff,599507771225800703
851e80affffffff,599515359359270911
853f3087fffffff,600090393203179519
85386d77fffffff,599971435493982207
851e8a27fffffff,599516010046816255
851e8863fffffff,599515888713990143
851f9897fffffff,599534594370306047
851e84dbfffffff,599515646048337919
853f34b3fffffff,600090679892246527
853f242bfffffff,600089543873396735
851ea427fffffff,599517796753211391
851e8adbfffffff,599516058365198335
851e8317fffffff,599515524715511807
851ea263fffffff,599517675420385279
851e8153fffffff,599515403382685695
851eb127fffffff,599518690106408959
851e8e53fffffff,599516296735883263
851e9d17fffffff,599517311421906943
851e9b53fffffff,599517190089080831
851e8acbfffffff,599516054070231039
851f8a77fffffff,599533623707697151
851f993bfffffff,599534638393720831
853f2693fffffff,600089709229637631
851e9b63fffffff,599517194384048127
851ea68ffffffff,599517962109452287
853f3557fffffff,600090723915661311
853f24cffffffff,600089587896811519
851ea4cbfffffff,599517840776626175
851e83bbfffffff,599515568738926591
851ea307fffffff,599517719443800063
851eb1cbfffffff,599518734129823743
851e8033fffffff,599515326073274367
851e9dbbfffffff,599517355445321727
851e8b6ffffffff,599516098093645823
851f9d67fffffff,599534925082787839
851e9a33fffffff,599517112779669503
851f9ba3fffffff,599534803749961727
851f8b1bfffffff,599533667731111935
851e986ffffffff,599516991446843391
851e8623fffffff,599515734095167487
851f981bfffffff,599534561084309503
853f3437fffffff,600090646606249983
851e80d7fffffff,599515370096689151
851ea023fffffff,599517520801562623
851e8c13fffffff,599516142117060607
851e8a4ffffffff,599516020784234495
851f9a83fffffff,599534726440550399
851e86c7fffffff,599515778118582271
853f2617fffffff,600089675943641087
851ea613fffffff,599517928823455743
851e8503fffffff,599515656785756159
853f34dbfffffff,600090690629664767
851eb4d7fffffff,599518943509479423
853f2453fffffff,600089554610814975
851ea44ffffffff,599517807490629631
851ea28bfffffff,599517686157803519
851e817bfffffff,599515414120103935
851eb14ffffffff,599518700843827199
851ea0c7fffffff,599517564824977407
851e8e7bfffffff,599516307473301503
851e9b7bfffffff,599517200826499071
851e99b7fffffff,599517079493672959
851f9b27fffffff,599534770463965183
851f9963fffffff,599534649131139071
853f26bbfffffff,600089719967055871
851ea6b7fffffff,599517972846870527
851eb57bfffffff,599518987532894207
851eb3b7fffffff,599518866200068095
851ea32ffffffff,599517730181218303
851e805bfffffff,599515336810692607
851eb02ffffffff,599518623534415871
851e8b97fffffff,599516108831064063
851e9a5bfffffff,599517123517087743
851f9bcbfffffff,599534814487379967
851f8b43fffffff,599533678468530175
851e9d27fffffff,599517315716874239
851e880ffffffff,599515866165411839
851f9a07fffffff,599534693154553855
851f9843fffffff,599534571821727743
853f259bfffffff,600089642657644543
851ea597fffffff,599517895537459199
851e8487fffffff,599515623499759615
851ea3d3fffffff,599517774204633087
851ea20ffffffff,599517652871806975
851ea04bfffffff,599517531538980863
851e8a77fffffff,599516031521652735
851f9c6ffffffff,599534858510794751
851f9aabfffffff,599534737177968639
851f8a23fffffff,599533601159118847
851ea63bfffffff,599517939560873983
851e852bfffffff,599515667523174399
853f3503fffffff,600090701367083007
853f247bfffffff,600089565348233215
851ea477fffffff,599517818228047871
851e8367fffffff,599515546190348287
851ea2b3fffffff,599517696895221759
851eb177fffffff,599518711581245439
851e8ea3fffffff,599516318210719743
851e9ba3fffffff,599517211563917311
851e8b1bfffffff,599516075545067519
851f9b4ffffffff,599534781201383423
851f998bfffffff,599534659868557311
851e85cffffffff,599515711546589183
851eb5a3fffffff,599518998270312447
851ea51bfffffff,599517862251462655
851e840bfffffff,599515590213763071
851ea357fffffff,599517740918636543
851e8083fffffff,599515347548110847
851f8b6bfffffff,599533689205948415
851f9a2ffffffff,599534703891972095
851e1643fffffff,599508046103707647
851f986bfffffff,599534582559145983
853f25c3fffffff,600089653395062783
851e84affffffff,599515634237177855
853f3487fffffff,600090668081086463
851e8e63fffffff,599516301030850559
851eb483fffffff,599518920960901119
851ea237fffffff,599517663609225215
851e8127fffffff,599515391571525631
851ea073fffffff,599517542276399103
851e8e27fffffff,599516284924723199
851e8c63fffffff,599516163591897087
851e9b27fffffff,599517178277920767
85386d3bfffffff,599971419387854847
851e9963fffffff,599517056945094655
851e88dbfffffff,599515920926244863
851f8a4bfffffff,599533611896537087
851f990ffffffff,599534626582560767
853869b3fffffff,599971176722202623
851ea663fffffff,599517950298292223
851e8553fffffff,599515678260592639
851eb527fffffff,599518964984315903
853f24a3fffffff,600089576085651455
851e838ffffffff,599515556927766527
851ea2dbfffffff,599517707632639999
851e81cbfffffff,599515435594940415
851e8007fffffff,599515314262114303
851e8ecbfffffff,599516328948137983
851e9d8ffffffff,599517343634161663
851e9bcbfffffff,599517222301335551
851e8b43fffffff,599516086282485759
851e9a07fffffff,599517100968509439
851f9b77fffffff,599534791938801663
851f99b3fffffff,599534670605975551
851ed6dbfffffff,599521281045430271
853f35cffffffff,600090756127916031
851ea543fffffff,599517872988880895
851e8433fffffff,599515600951181311
853f340bfffffff,600090634795089919
851e80abfffffff,599515358285529087
853f3083fffffff,600090392129437695
851e9aabfffffff,599517144991924223
851e8a23fffffff,599516008973074431
851f9a57fffffff,599534714629390335
851e869bfffffff,599515766307422207
851f9893fffffff,599534593296564223
851e84d7fffffff,599515644974596095
853f34affffffff,600090678818504703
851ea423fffffff,599517795679469567
851e8313fffffff,599515523641769983
851e814ffffffff,599515402308943871
851eb123fffffff,599518689032667135
851ea09bfffffff,599517553013817343
851e8e4ffffffff,599516295662141439
851e9d13fffffff,599517310348165119
851e9b4ffffffff,599517189015339007
851e8ac7fffffff,599516052996489215
851f8a73fffffff,599533622633955327
851f9937fffffff,599534637319979007
853f268ffffffff,600089708155895807
851ea68bfffffff,599517961035710463
851e857bfffffff,599515688998010879
853f3553fffffff,600090722841919487
853f24cbfffffff,600089586823069695
851ea4c7fffffff,599517839702884351
851e83b7fffffff,599515567665184767
851ea303fffffff,599517718370058239
851eb1c7fffffff,599518733056081919
851e802ffffffff,599515324999532543
851ea0affffffff,599517558382526463
851e9db7fffffff,599517354371579903
851e8b6bfffffff,599516097019903999
851e9a2ffffffff,599517111705927679
851f8b17fffffff,599533666657370111
851f99dbfffffff,599534681343393791
851f9817fffffff,599534560010567679
851ea56bfffffff,599517883726299135
851e845bfffffff,599515611688599551
853f3433fffffff,600090645532508159
851e8297fffffff,599515490355773439
851e80d3fffffff,599515369022947327
851eb137fffffff,599518694401376255
851eb0a7fffffff,599518655746670591
851e9c97fffffff,599517277062168575
851e8c0ffffffff,599516141043318783
851e8a4bfffffff,599516019710492671
851f8bbbfffffff,599533710680784895
851f98bbfffffff,599534604033982463
853f2613fffffff,600089674869899263
851ea60ffffffff,599517927749713919
853f34d7fffffff,600090689555922943
851eb4d3fffffff,599518942435737599
853f244ffffffff,600089553537073151
851ea44bfffffff,599517806416887807
851e833bfffffff,599515534379188223
851ea287fffffff,599517685084061695
851e8177fffffff,599515413046362111
851e8163fffffff,599515407677652991
851eb14bfffffff,599518699770085375
851ea0c3fffffff,599517563751235583
851e8e77fffffff,599516306399559679
851e9d3bfffffff,599517321085583359
851e9b77fffffff,599517199752757247
851e99b3fffffff,599517078419931135
851f9b23fffffff,599534769390223359
853f26b7fffffff,600089718893314047
851ea6b3fffffff,599517971773128703
853f357bfffffff,600090733579337727
851eb577fffffff,599518986459152383
851eb3b3fffffff,599518865126326271
851ea32bfffffff,599517729107476479
851e8057fffffff,599515335736950783
851e8b93fffffff,599516107757322239
851e9a57fffffff,599517122443345919
851f9bc7fffffff,599534813413638143
851e880bfffffff,599515865091670015
851f9a03fffffff,599534692080812031
853f2597fffffff,600089641583902719
851ea593fffffff,599517894463717375
851e8483fffffff,599515622426017791
851ea3cffffffff,599517773130891263
851ea273fffffff,599517679715352575
851ea20bfffffff,599517651798065151
851ea047fffffff,599517530465239039
851f9e2ffffffff,599534978769879039
851e8a73fffffff,599516030447910911
851f9c6bfffffff,599534857437052927
85386d0ffffffff,599971407576694783
851e9937fffffff,599517045133934591
851f9aa7fffffff,599534736104226815
85386987fffffff,599971164911042559
853f263bfffffff,600089685607317503
851ea637fffffff,599517938487132159
853f2477fffffff,600089564274491391
851ea473fffffff,599517817154306047
851e8363fffffff,599515545116606463
851ea2affffffff,599517695821479935
851eb173fffffff,599518710507503615
851e8b17fffffff,599516074471325695
851f9b4bfffffff,599534780127641599
851f9987fffffff,599534658794815487
851ea6dbfffffff,599517982510546943
851e85cbfffffff,599515710472847359
851ea517fffffff,599517861177720831
851e8407fffffff,599515589140021247
851ea353fffffff,599517739844894719
851e8bbbfffffff,599516118494740479
851f8b67fffffff,599533688132206591
851f9a2bfffffff,599534702818230271
851e8327fffffff,599515529010479103
851f9867fffffff,599534581485404159
851ea5bbfffffff,599517905201135615
851e84abfffffff,599515633163436031
853f3483fffffff,600090667007344639
851ea233fffffff,599517662535483391
851e8123fffffff,599515390497783807
851ea06ffffffff,599517541202657279
851e8e23fffffff,599516283850981375
851e9b23fffffff,599517177204178943
851e8a9bfffffff,599516041185329151
85386d37fffffff,599971418314113023
851e88d7fffffff,599515919852503039
851f9acffffffff,599534746841645055
851f990bfffffff,599534625508818943
853869affffffff,599971175648460799
853f2663fffffff,600089696344735743
851e854ffffffff,599515677186850815
851eb523fffffff,599518963910574079
851ea49bfffffff,599517827891724287
851e838bfffffff,599515555854024703
851ea2d7fffffff,599517706558898175
851e81c7fffffff,599515434521198591
851eb19bfffffff,599518721244921855
851ea437fffffff,599517801048178687
851e8003fffffff,599515313188372479
851e8ec7fffffff,599516327874396159
851e9d8bfffffff,599517342560419839
853f243bfffffff,600089548168364031
851e9bc7fffffff,599517221227593727
851f9d37fffffff,599534912197885951
851e9a03fffffff,599517099894767615
851f9b73fffffff,599534790865059839
851f99affffffff,599534669532233727
853f35cbfffffff,600090755054174207
851e842ffffffff,599515599877439487
853f3407fffffff,600090633721348095
851ea37bfffffff,599517750582312959
851e80a7fffffff,599515357211787263
851f8b8ffffffff,599533698869624831
853f34c3fffffff,600090684187213823
851e885bfffffff,599515886566506495
851e8697fffffff,599515765233680383
851f988ffffffff,599534592222822399
851e84d3fffffff,599515643900854271
853f34abfffffff,600090677744762879
853f2423fffffff,600089541725913087
851e830ffffffff,599515522568028159
851ea25bfffffff,599517673272901631
851e814bfffffff,599515401235202047
853f209bfffffff,600089299060260863
851ea097fffffff,599517551940075519
851e8e4bfffffff,599516294588399615
851e9b4bfffffff,599517187941597183
851e8ac3fffffff,599516051922747391
851f8a6ffffffff,599533621560213503
851f9933fffffff,599534636246237183
853f268bfffffff,600089707082153983
851ea687fffffff,599517959961968639
851ed65bfffffff,599521246685691903
851e8577fffffff,599515687924269055
853f354ffffffff,600090721768177663
853f24c7fffffff,600089585749327871
851ea4c3fffffff,599517838629142527
851e83b3fffffff,599515566591442943
851eb387fffffff,599518853315166207
851eb1c3fffffff,599518731982340095
851e802bfffffff,599515323925790719
851e9db3fffffff,599517353297838079
851e8b67fffffff,599516095946162175
851e9a2bfffffff,599517110632185855
851f9b9bfffffff,599534801602478079
851f8b13fffffff,599533665583628287
851f99d7fffffff,599534680269651967
851f9813fffffff,599534558936825855
851e8457fffffff,599515610614857727
853f342ffffffff,600090644458766335
851e80cffffffff,599515367949205503
853f30a7fffffff,600090401793114111
851ea01bfffffff,599517518654078975
851e8c0bfffffff,599516139969576959
851e9acffffffff,599517154655600639
851e8a47fffffff,599516018636750847
851f98b7fffffff,599534602960240639
853f260ffffffff,600089673796157439
851ea60bfffffff,599517926675972095
853f34d3fffffff,600090688482181119
853f244bfffffff,600089552463331327
851ea447fffffff,599517805343145983
851e8337fffffff,599515533305446399
851ea283fffffff,599517684010319871
851e8173fffffff,599515411972620287
851eb147fffffff,599518698696343551
851e8e73fffffff,599516305325817855
851e9d37fffffff,599517320011841535
851f9ea7fffffff,599535010982133759
851e9b73fffffff,599517198679015423
851e99affffffff,599517077346189311
851f995bfffffff,599534646983655423
853f26b3fffffff,600089717819572223
851f98a7fffffff,599534598665273343
851ea6affffffff,599517970699386879
851eb573fffffff,599518985385410559
851e83dbfffffff,599515577328861183
851e86affffffff,599515771676131327
851e8053fffffff,599515334663208959
851eb027fffffff,599518621386932223
851e8b8ffffffff,599516106683580415
851e9a53fffffff,599517121369604095
851f9bc3fffffff,599534812339896319
851f8b3bfffffff,599533676321046527
851e8807fffffff,599515864017928191
851f983bfffffff,599534569674244095
853f2593fffffff,600089640510160895
851ea58ffffffff,599517893389975551
853f3457fffffff,600090655196184575
851ea3cbfffffff,599517772057149439
851e82bbfffffff,599515500019449855
851ea207fffffff,599517650724323327
851ea043fffffff,599517529391497215
851f9e2bfffffff,599534977696137215
851e8a6ffffffff,599516029374169087
851f9c67fffffff,599534856363311103
851f9aa3fffffff,599534735030484991
851f8a1bfffffff,599533599011635199
85386983fffffff,599971163837300735
853f2637fffffff,600089684533575679
851ea633fffffff,599517937413390335
853f2473fffffff,600089563200749567
851ea46ffffffff,599517816080564223
851ea2abfffffff,599517694747738111
851e819bfffffff,599515422710038527
851eb16ffffffff,599518709433761791
851e8e9bfffffff,599516316063236095
851e9b9bfffffff,599517209416433663
851e8b13fffffff,599516073397583871
851e894ffffffff,599515952064757759
851f9b47fffffff,599534779053899775
851f9983fffffff,599534657721073663
853f26dbfffffff,600089728556990463
851ea6d7fffffff,599517981436805119
851e85c7fffffff,599515709399105535
851eb59bfffffff,599518996122828799
851ea513fffffff,599517860103979007
851e8403fffffff,599515588066279423
851ea34ffffffff,599517738771152895
851e807bfffffff,599515345400627199
851e8bb7fffffff,599516117420998655
851e9a7bfffffff,599517132107022335
851f8b63fffffff,599533687058464767
851e882ffffffff,599515874755346431
851f9a27fffffff,599534701744488447
851f9863fffffff,599534580411662335
851ea5b7fffffff,599517904127393791
851e84a7fffffff,599515632089694207
851ea22ffffffff,599517661461741567
851e8873fffffff,599515893008957439
851ea06bfffffff,599517540128915455
851e8c5bfffffff,599516161444413439
851e8a97fffffff,599516040111587327
85386d33fffffff,599971417240371199
851e88d3fffffff,599515918778761215
851f8a43fffffff,599533609749053439
851f9907fffffff,599534624435077119
851ea65bfffffff,599517948150808575
851e854bfffffff,599515676113108991
853f249bfffffff,600089573938167807
851ea497fffffff,599517826817982463
851e8387fffffff,599515554780282879
851ea2d3fffffff,599517705485156351
851e81c3fffffff,599515433447456767
851eb197fffffff,599518720171180031
851e8ec3fffffff,599516326800654335
851e9d87fffffff,599517341486678015
851e8b3bfffffff,599516084135002111
851f99abfffffff,599534668458491903
853f35c7fffffff,600090753980432383
851ea53bfffffff,599517870841397247
851e842bfffffff,599515598803697663
853f3403fffffff,600090632647606271
851ea377fffffff,599517749508571135
851e80a3fffffff,599515356138045439
851e8a1bfffffff,599516006825590783
851f8b8bfffffff,599533697795883007
851e8857fffffff,599515885492764671
851e8693fffffff,599515764159938559
851f988bfffffff,599534591149080575
851e84cffffffff,599515642827112447
853f34a7fffffff,600090676671021055
851ea41bfffffff,599517793531985919
851e12dbfffffff,599507812027990015
851e830bfffffff,599515521494286335
851ea257fffffff,599517672199159807
851e8147fffffff,599515400161460223
851eb11bfffffff,599518686885183487
851ea093fffffff,599517550866333695
851e8e47fffffff,599516293514657791
851e9b47fffffff,599517186867855359
851f8a6bfffffff,599533620486471679
851f992ffffffff,599534635172495359
853f2687fffffff,600089706008412159
851ea683fffffff,599517958888226815
851ed657fffffff,599521245611950079
851e8573fffffff,599515686850527231
853f354bfffffff,600090720694435839
851eb547fffffff,599518973574250495
853f24c3fffffff,600089584675586047
851e83affffffff,599515565517701119
851e8a37fffffff,599516014341783551
851e8027fffffff,599515322852048895
851e9daffffffff,599517352224096255
851e8b63fffffff,599516094872420351
851f9d5bfffffff,599534921861562367
851e9a27fffffff,599517109558444031
851f9b97fffffff,599534800528736255
851f8b0ffffffff,599533664509886463
851f99d3fffffff,599534679195910143
851e8617fffffff,599515730873942015
851f980ffffffff,599534557863084031
851ea563fffffff,599517881578815487
851e8453fffffff,599515609541115903
853f342bfffffff,600090643385024511
851ea1dbfffffff,599517638913163263
851e80cbfffffff,599515366875463679
853f30a3fffffff,600090400719372287
851ea017fffffff,599517517580337151
851e9acbfffffff,599517153581858815
851e8a43fffffff,599516017563009023
851f8bb3fffffff,599533708533301247
851f9a77fffffff,599534723219324927
851e86bbfffffff,599515774897356799
851f98b3fffffff,599534601886498815
853f260bfffffff,600089672722415615
851ea607fffffff,599517925602230271
853f34cffffffff,600090687408439295
853f2447fffffff,600089551389589503
851ea443fffffff,599517804269404159
851e8333fffffff,599515532231704575
851e816ffffffff,599515410898878463
851eb143fffffff,599518697622601727
851ea0bbfffffff,599517561603751935
851e8e6ffffffff,599516304252076031
851e9d33fffffff,599517318938099711
851e9b6ffffffff,599517197605273599
851f9b1bfffffff,599534767242739711
851f9957fffffff,599534645909913599
853f26affffffff,600089716745830399
851ea6abfffffff,599517969625645055
851e859bfffffff,599515697587945471
853f3573fffffff,600090731431854079
851eb56ffffffff,599518984311668735
851e83d7fffffff,599515576255119359
851ea323fffffff,599517726959992831
851e804ffffffff,599515333589467135
851e9dd7fffffff,599517362961514495
851e8b8bfffffff,599516105609838591
851e9a4ffffffff,599517120295862271
851e8803fffffff,599515862944186367
851f9837fffffff,599534568600502271
853f258ffffffff,600089639436419071
851ea58bfffffff,599517892316233727
851e847bfffffff,599515620278534143
853f3453fffffff,600090654122442751
851ea3c7fffffff,599517770983407615
851e82b7fffffff,599515498945708031
851ea203fffffff,599517649650581503
851e9cb7fffffff,599517285652103167
851f9e27fffffff,599534976622395391
851e8a6bfffffff,599516028300427263
851f9c63fffffff,599534855289569279
85386d07fffffff,599971405429211135
851f8bdbfffffff,599533719270719487
851e992ffffffff,599517042986450943
851f98dbfffffff,599534612623917055
853f2633fffffff,600089683459833855
851ea62ffffffff,599517936339648511
853f246ffffffff,600089562127007743
851ea46bfffffff,599517815006822399
851e835bfffffff,599515542969122815
851ea2a7fffffff,599517693673996287
851eb16bfffffff,599518708360019967
851e8e97fffffff,599516314989494271
851e8b0ffffffff,599516072323842047
851e894bfffffff,599515950991015935
851f9b43fffffff,599534777980157951
851f8abbfffffff,599533641961308159
853f26d7fffffff,600089727483248639
851ea6d3fffffff,599517980363063295
851e85c3fffffff,599515708325363711
853f359bfffffff,600090742169272319
851eb597fffffff,599518995049086975
851ea50ffffffff,599517859030237183
851ea34bfffffff,599517737697411071
851e823bfffffff,599515465659711487
851e8077fffffff,599515344326885375
851e8bb3fffffff,599516116347256831
851e9a77fffffff,599517131033280511
851e882bfffffff,599515873681604607
851f9a23fffffff,599534700670746623
851ea5b3fffffff,599517903053651967
851e84a3fffffff,599515631015952383
851ea22bfffffff,599517660387999743
851e811bfffffff,599515388350300159
851ea067fffffff,599517539055173631
851e8e1bfffffff,599516281703497727
851e8c57fffffff,599516160370671615
851e9b1bfffffff,599517175056695295
851e8a93fffffff,599516039037845503
85386d2ffffffff,599971416166629375
851e88cffffffff,599515917705019391
851f9ac7fffffff,599534744694161407
851f9903fffffff,599534623361335295
853869a7fffffff,599971173500977151
853f265bfffffff,600089694197252095
851ea657fffffff,599517947077066751
851e8547fffffff,599515675039367167
853f2497fffffff,600089572864425983
851ea493fffffff,599517825744240639
851e8383fffffff,599515553706541055
851ea2cffffffff,599517704411414527
851eb193fffffff,599518719097438207
851e9d83fffffff,599517340412936191
851e8b37fffffff,599516083061260287
851f9d2ffffffff,599534910050402303
851f99a7fffffff,599534667384750079
851ed6cffffffff,599521277824204799
853f35c3fffffff,600090752906690559
851ea537fffffff,599517869767655423
851e8427fffffff,599515597729955839
851ea373fffffff,599517748434829311
851e8bdbfffffff,599516127084675071
851e8a17fffffff,599516005751848959
851e8853fffffff,599515884419022847
851e868ffffffff,599515763086196735
851f9887fffffff,599534590075338751
851ea5dbfffffff,599517913791070207
851e84cbfffffff,599515641753370623
853f34a3fffffff,600090675597279231
853f241bfffffff,600089539578429439
851ea417fffffff,599517792458244095
851e8307fffffff,599515520420544511
851ea253fffffff,599517671125417983
851e8143fffffff,599515399087718399
851eb117fffffff,599518685811441663
853f2093fffffff,600089296912777215
851ea08ffffffff,599517549792591871
851e8e43fffffff,599516292440915967
851e9d07fffffff,599517307126939647
851f9e77fffffff,599534998097231871
851e9b43fffffff,599517185794113535
851e8abbfffffff,599516049775263743
851f8a67fffffff,599533619412729855
851f992bfffffff,599534634098753535
853f2683fffffff,600089704934670335
851ed653fffffff,599521244538208255
851e856ffffffff,599515685776785407
853f3547fffffff,600090719620694015
851ea4bbfffffff,599517836481658879
851e83abfffffff,599515564443959295
851eb1bbfffffff,599518729834856447
851e8023fffffff,599515321778307071
851e9dabfffffff,599517351150354431
851f9d57fffffff,599534920787820543
851e9a23fffffff,599517108484702207
851f9b93fffffff,599534799454994431
851f8b0bfffffff,599533663436144639
851f99cffffffff,599534678122168319
851e8613fffffff,599515729800200191
851f980bfffffff,599534556789342207
851e844ffffffff,599515608467374079
853f3427fffffff,600090642311282687
851ea39bfffffff,599517759172247551
851e80c7fffffff,599515365801721855
851ea013fffffff,599517516506595327
851e9ac7fffffff,599517152508116991
851e887bfffffff,599515895156441087
851ea00bfffffff,599517514359111679
851f9a73fffffff,599534722145583103
851e86b7fffffff,599515773823614975
851f98affffffff,599534600812756991
853f2607fffffff,600089671648673791
851ea603fffffff,599517924528488447
853f34cbfffffff,600090686334697471
851eb4c7fffffff,599518939214512127
853f2443fffffff,600089550315847679
851e832ffffffff,599515531157962751
851ea27bfffffff,599517681862836223
851e816bfffffff,599515409825136639
851ea0b7fffffff,599517560530010111
851e8e6bfffffff,599516303178334207
851e9d2ffffffff,599517317864357887
851e9b6bfffffff,599517196531531775
853f3097fffffff,600090397498146815
851e99a7fffffff,599517075198705663
851f9b17fffffff,599534766168997887
851f9953fffffff,599534644836171775
853f26abfffffff,600089715672088575
851ea6a7fffffff,599517968551903231
851e8597fffffff,599515696514203647
851eb56bfffffff,599518983237926911
851e83d3fffffff,599515575181377535
851eb3a7fffffff,599518861905100799
851e804bfffffff,599515332515725311
851eae5bfffffff,599518497906622463
851e9dd3fffffff,599517361887772671
851e8b87fffffff,599516104536096767
851e9a4bfffffff,599517119222120447
851f9bbbfffffff,599534810192412671
851f8b33fffffff,599533674173562879
851e863bfffffff,599515740537618431
851f9833fffffff,599534567526760447
853f258bfffffff,600089638362677247
851ea587fffffff,599517891242491903
851e8477fffffff,599515619204792319
851ea3c3fffffff,599517769909665791
851e82b3fffffff,599515497871966207
851ea03bfffffff,599517527244013567
851f9e23fffffff,599534975548653567
851e8a67fffffff,599516027226685439
851f8bd7fffffff,599533718196977663
851f9a9bfffffff,599534732883001343
851f98d7fffffff,599534611550175231
851ea62bfffffff,599517935265906687
851e851bfffffff,599515663228207103
853f246bfffffff,600089561053265919
851ea467fffffff,599517813933080575
851e8357fffffff,599515541895380991
851ea2a3fffffff,599517692600254463
851e8193fffffff,599515420562554879
851eb167fffffff,599518707286278143
851e8e93fffffff,599516313915752447
851e8ccffffffff,599516192582926335
851e8b0bfffffff,599516071250100223
851f997bfffffff,599534655573590015
851ea6cffffffff,599517979289321471
853f3597fffffff,600090741095530495
851eb593fffffff,599518993975345151
851ea50bfffffff,599517857956495359
851ea347fffffff,599517736623669247
851e8237fffffff,599515464585969663
851e8073fffffff,599515343253143551
851e8baffffffff,599516115273515007
851e9a73fffffff,599517129959538687
851f8b5bfffffff,599533684910981119
851f985bfffffff,599534578264178687
851ea5affffffff,599517901979910143
853f3477fffffff,600090663786119167
851ea227fffffff,599517659314257919
851e8117fffffff,599515387276558335
851ea063fffffff,599517537981431807
851e8e17fffffff,599516280629755903
851e8c53fffffff,599516159296929791
851e9b17fffffff,599517173982953471
851e8a8ffffffff,599516037964103679
85386d2bfffffff,599971415092887551
851e88cbfffffff,599515916631277567
851f8a3bfffffff,599533607601569791
853869a3fffffff,599971172427235327
853f2657fffffff,600089693123510271
851ea653fffffff,599517946003324927
851e8543fffffff,599515673965625343
853f351bfffffff,600090707809533951
851eb517fffffff,599518960689348607
853f2493fffffff,600089571790684159
851ea48ffffffff,599517824670498815
851ea2cbfffffff,599517703337672703
851eb18ffffffff,599518718023696383
851e8ebbfffffff,599516324653170687
851e9bbbfffffff,599517218006368255
851e8b33fffffff,599516081987518463
851f9d2bfffffff,599534908976660479
851f9b67fffffff,599534787643834367
851f99a3fffffff,599534666311008255
851ed6cbfffffff,599521276750462975
851eb5bbfffffff,599519004712763391
851ea533fffffff,599517868693913599
851e1253fffffff,599507775520767999
851e8423fffffff,599515596656214015
851ea36ffffffff,599517747361087487
851e809bfffffff,599515353990561791
851e8bd7fffffff,599516126010933247
851f9dcffffffff,599534953000075263
851e8a13fffffff,599516004678107135
851e884ffffffff,599515883345281023
851e165bfffffff,599508052546158591
851e868bfffffff,599515762012454911
851f9883fffffff,599534589001596927
853f25dbfffffff,600089659837513727
851ea5d7fffffff,599517912717328383
851e84c7fffffff,599515640679628799
851eb49bfffffff,599518927403352063
853f2417fffffff,600089538504687615
851ea413fffffff,599517791384502271
851e8303fffffff,599515519346802687
851ea24ffffffff,599517670051676159
851eb113fffffff,599518684737699839
851ea08bfffffff,599517548718850047
851e9d03fffffff,599517306053197823
851e8c7bfffffff,599516170034348031
851e8ab7fffffff,599516048701521919
851e997bfffffff,599517063387545599
851f8a63fffffff,599533618338988031
851f9927fffffff,599534633025011711
851ea67bfffffff,599517956740743167
851e856bfffffff,599515684703043583
853f3543fffffff,600090718546952191
853f24bbfffffff,600089582528102399
851ea4b7fffffff,599517835407917055
851e8447fffffff,599515606319890431
851e83a7fffffff,599515563370217471
851eb1b7fffffff,599518728761114623
851e9da7fffffff,599517350076612607
851e8b5bfffffff,599516092724936703
851f9d53fffffff,599534919714078719
851f9b8ffffffff,599534798381252607
851f8b07fffffff,599533662362402815
851f99cbfffffff,599534677048426495
851f9807fffffff,599534555715600383
851ea55bfffffff,599517879431331839
851e844bfffffff,599515607393632255
853f3423fffffff,600090641237540863
851e8287fffffff,599515486060806143
851e80c3fffffff,599515364727980031
853f309bfffffff,600090398571888639
851ea00ffffffff,599517515432853503
851e9ac3fffffff,599517151434375167
851e8a3bfffffff,599516015415525375
851f8babfffffff,599533706385817599
851e8877fffffff,599515894082699263
851f9a6ffffffff,599534721071841279
851e86b3fffffff,599515772749873151
851f98abfffffff,599534599739015167
851ea557fffffff,599517878357590015
853f2603fffffff,600089670574931967
853f34c7fffffff,600090685260955647
851eb4c3fffffff,599518938140770303
851ea43bfffffff,599517802121920511
851e832bfffffff,599515530084220927
851ea277fffffff,599517680789094399
851e8167fffffff,599515408751394815
851eb13bfffffff,599518695475118079
851ea0b3fffffff,599517559456268287
851e8e67fffffff,599516302104592383
851e9d2bfffffff,599517316790616063
851e9b67fffffff,599517195457789951
851e99a3fffffff,599517074124963839
851f9b13fffffff,599534765095256063
851f994ffffffff,599534643762429951
853f26a7fffffff,600089714598346751
851ea6a3fffffff,599517967478161407
851e8593fffffff,599515695440461823
853f356bfffffff,600090729284370431
851eb567fffffff,599518982164185087
851e83cffffffff,599515574107635711
851eb3a3fffffff,599518860831358975
851ea31bfffffff,599517724812509183
851f9803fffffff,599534554641858559
851e8047fffffff,599515331441983487
851e8b83fffffff,599516103462354943
851f9d7bfffffff,599534930451496959
851e9a47fffffff,599517118148378623
851f9bb7fffffff,599534809118670847
851f8b2ffffffff,599533673099821055
851e8637fffffff,599515739463876607
851f982ffffffff,599534566453018623
853f2587fffffff,600089637288935423
851ea583fffffff,599517890168750079
851e8473fffffff,599515618131050495
851e82affffffff,599515496798224383
851ea037fffffff,599517526170271743
851e8a63fffffff,599516026152943615
851f8bd3fffffff,599533717123235839
851e9927fffffff,599517040838967295
851f9a97fffffff,599534731809259519
851f8a0ffffffff,599533595790409727
851f98d3fffffff,599534610476433407
851ea627fffffff,599517934192164863
851e8517fffffff,599515662154465279
853f2467fffffff,600089559979524095
851ea463fffffff,599517812859338751
851e8353fffffff,599515540821639167
851e818ffffffff,599515419488813055
851eb163fffffff,599518706212536319
851ea0dbfffffff,599517570193686527
851e8e8ffffffff,599516312842010623
851e8ccbfffffff,599516191509184511
851e9b8ffffffff,599517206195208191
851e8b07fffffff,599516070176358399
851f9b3bfffffff,599534775832674303
851f9977fffffff,599534654499848191
853f26cffffffff,600089725335764991
851ea6cbfffffff,599517978215579647
851e85bbfffffff,599515706177880063
853f3593fffffff,600090740021788671
851eb58ffffffff,599518992901603327
851ea507fffffff,599517856882753535
851ea343fffffff,599517735549927423
851e8233fffffff,599515463512227839
851e806ffffffff,599515342179401727
851e8babfffffff,599516114199773183
851e9a6ffffffff,599517128885796863
851f8b57fffffff,599533683837239295
851e8823fffffff,599515871534120959
851f9a1bfffffff,599534698523262975
851f9857fffffff,599534577190436863
851ea5abfffffff,599517900906168319
851e849bfffffff,599515628868468735
853f3473fffffff,600090662712377343
851f99c7fffffff,599534675974684671
851ea223fffffff,599517658240516095
851e8113fffffff,599515386202816511
851e8e13fffffff,599516279556014079
851e8c4ffffffff,599516158223187967
851e9b13fffffff,599517172909211647
851e8a8bfffffff,599516036890361855
85386d27fffffff,599971414019145727
851e994ffffffff,599517051576385535
851e88c7fffffff,599515915557535743
851f8a37fffffff,599533606527827967
853f2653fffffff,600089692049768447
851ea64ffffffff,599517944929583103
853f248ffffffff,600089570716942335
851ea48bfffffff,599517823596756991
851e837bfffffff,599515551559057407
851ea2c7fffffff,599517702263930879
851eb18bfffffff,599518716949954559
851e8eb7fffffff,599516323579428863
851e9bb7fffffff,599517216932626431
851e8b2ffffffff,599516080913776639
851f9d27fffffff,599534907902918655
851f9b63fffffff,599534786570092543
851eb5b7fffffff,599519003639021567
851ea52ffffffff,599517867620171775
851ea36bfffffff,599517746287345663
851e8097fffffff,599515352916819967
851e8bd3fffffff,599516124937191423
851e8a0ffffffff,599516003604365311
851e884bfffffff,599515882271539199
851e8687fffffff,599515760938713087
853f25d7fffffff,600089658763771903
851ea5d3fffffff,599517911643586559
851e84c3fffffff,599515639605886975
853f349bfffffff,600090673449795583
851eb497fffffff,599518926329610239
853f2413fffffff,600089537430945791
851ea40ffffffff,599517790310760447
851ea24bfffffff,599517668977934335
851e813bfffffff,599515396940234751
851f8b03fffffff,599533661288660991
851eb10ffffffff,599518683663958015
851ea087fffffff,599517547645108223
851e8e3bfffffff,599516290293432319
851e8c77fffffff,599516168960606207
851e9b3bfffffff,599517183646629887
851e8ab3fffffff,599516047627780095
851f9923fffffff,599534631951269887
853f267bfffffff,600089702787186687
851ea677fffffff,599517955667001343
851ed64bfffffff,599521242390724607
851e8567fffffff,599515683629301759
851f9b8bfffffff,599534797307510783
851eb53bfffffff,599518970353025023
853f24b7fffffff,600089581454360575
851ea4b3fffffff,599517834334175231
851e83a3fffffff,599515562296475647
851eb1b3fffffff,599518727687372799
851e801bfffffff,599515319630823423
851e9da3fffffff,599517349002870783
851e8b57fffffff,599516091651194879
851f9d4ffffffff,599534918640336895
851e9a1bfffffff,599517106337218559
85386b97fffffff,599971306644963327
85386953fffffff,599971150952398847
85386b87fffffff,599971302349996031
85386943fffffff,599971146657431551
8538694ffffffff,599971149878657023
85386827fffffff,599971070421762047
8538695bfffffff,599971153099882495
8538694bfffffff,599971148804915199
8538682ffffffff,599971072569245695
